Tina Garcia,Allergy and immunology,(735)-100-7276
Armando Ryan,Anesthesiology,(973)-719-1921
Nathaniel Brown,Dermatology,(644)-265-2658
Virgil Peck,Diagnostic radiology,(938)-614-9828
Dustin Davidson,Emergency medicine,(659)-239-3459
Vincent Knight,Family medicine,(328)-543-5546
Chad Curtis,Internal medicine,(765)-971-4296
Francisco Martin,Medical genetics,(048)-157-3702
Alex Hanson,Neurology,(140)-249-0335
Claude Hart,Nuclear medicine,(439)-619-5779
Tara Larson,Obstetrics and gynecology,(849)-472-7520
Marion Bradley,Ophthalmology,(536)-177-6153
Clayton Gordon,Pathology,(938)-632-0922
Dianne Hopkins,Pediatrics,(122)-670-6765
Clayton Armstrong,Physical medicine and rehabilitation,(883)-248-1797
Karl Gonzalez,Preventive medicine,(873)-425-4028
Ryan Spencer,Psychiatry,(976)-921-5886
Tracy Carpenter,Radiation oncology,(721)-274-9033
Jacqueline Brown,Surgery,(958)-396-3364
Gertrude Murphy,Urology,(537)-981-0286
Jar Fletcher,Allergy and immunology,(370)-218-5059
Shawn Hill,Anesthesiology,(742)-867-9896
Alvin Byrd,Dermatology,(976)-461-5717
Lauren Pearson,Diagnostic radiology,(331)-687-0991
Jeremy Hopkins,Emergency medicine,(353)-644-1132
Janet Horton,Family medicine,(056)-359-5786
Ella Hill,Internal medicine,(053)-507-1535
Ava Mckinney,Medical genetics,(652)-125-0294
Ross Clark,Neurology,(234)-767-1007
Charlotte Hoffman,Nuclear medicine,(270)-065-7322
Jackie Barrett,Obstetrics and gynecology,(559)-578-6880
Adrian Kelly,Ophthalmology,(901)-278-8043
Herminia Barrett,Pathology,(266)-373-6182
Arianna Hunt,Pediatrics,(773)-846-1353
Arnold Woods,Physical medicine and rehabilitation,(531)-127-4349
Flenn Peters,Preventive medicine,(168)-030-6041
Dennis Vasquez,Psychiatry,(299)-652-1193
Jean Barnes,Radiation oncology,(425)-172-1995
Jayden Price,Surgery,(038)-840-5529
Tracy Larson,Urology,(754)-813-3288
Edgar Steeves ,Allergy and immunology,(928)-163-9841
Camila Welch,Anesthesiology,(504)-073-5004
Zoe Morrison,Dermatology,(367)-921-7884
Candice Jensen,Diagnostic radiology,(068)-211-4490
Jordan Rivera,Emergency medicine,(217)-739-5443
Alvin Beck,Family medicine,(550)-511-9921
Doris Smith,Internal medicine,(934)-012-9870
Mabel Morris,Medical genetics,(284)-330-9693
Lydia Matthews,Neurology,(161)-256-8567
Carmen Myers,Nuclear medicine,(509)-407-7861
Albert Gomez,Obstetrics and gynecology,(074)-551-8629
Pamela Fuller,Ophthalmology,(566)-497-9198
April Crawford,Pathology,(270)-234-3153
Bessie Neal,Pediatrics,(193)-214-7324
Michelle Morris,Physical medicine and rehabilitation,(279)-782-1095
Wayne Barnett,Preventive medicine,(004)-416-3728
Nina Burton,Psychiatry,(920)-527-3203
Edith Cunningham,Radiation oncology,(564)-644-3532
Tony Reid,Surgery,(208)-944-9860
Antonio Welch,Urology,(995)-324-1328
Terra Schmidt,Allergy and immunology,(848)-473-5527
Cindy Rose,Anesthesiology,(367)-315-1816
Bradley Riley,Dermatology,(611)-754-1139
Leroy Warren,Diagnostic radiology,(360)-403-7985
Tracy Knight,Emergency medicine,(196)-216-6739
Jesse Hall,Family medicine,(730)-353-1597
Jorge Jones,Internal medicine,(250)-023-4077
Ray Peters,Medical genetics,(010)-722-1038
Carlos Smith,Neurology,(110)-345-9538
Bernice Robinson,Nuclear medicine,(300)-972-6057
Liam Harper,Obstetrics and gynecology,(477)-150-2987
Marion Hill,Ophthalmology,(695)-831-8865
Patsy Castro,Pathology,(296)-108-6779
George Cole,Pediatrics,(162)-280-5462
Christy Hunt,Physical medicine and rehabilitation,(574)-091-4102
Christine Brewer,Preventive medicine,(546)-106-3445
Leta Stanley,Psychiatry,(903)-700-7999
Johnny Elliott,Radiation oncology,(043)-197-1327
Keith Russell,Surgery,(879)-747-4356
John Fleming,Urology,(799)-085-0470
Carrie Kelley,Allergy and immunology,(016)-482-4107
Michelle Mills,Anesthesiology,(772)-634-0379
Raul Oliver,Dermatology,(716)-775-9363
Bobby Fernandez,Diagnostic radiology,(203)-690-4381
Colleen Adams,Emergency medicine,(311)-663-5618
Miriam Rodriguez,Family medicine,(875)-507-0310
Wesley George,Internal medicine,(884)-443-0544
Brandy Washington,Medical genetics,(634)-154-4090
Ronald Stevens,Neurology,(958)-537-9393
Christian Rodriguez,Nuclear medicine,(842)-201-7652
Beverley Perez,Obstetrics and gynecology,(197)-144-0606
Erica Freeman,Ophthalmology,(968)-517-4856
Rita Stewart,Pathology,(541)-908-3065
Jesse Stephens,Pediatrics,(063)-089-8878
Carole Dunn,Physical medicine and rehabilitation,(153)-504-2219
Joann Kuhn,Preventive medicine,(404)-274-2650
Don Hawkins,Psychiatry,(411)-068-3484
Ritthy Miles,Radiation oncology,(446)-113-2816
Gavin Rodriquez,Surgery,(761)-646-5873
Lucille Bradley,Urology,(714)-793-8228
Clarence Rivera,Allergy and immunology,(364)-016-5961
Joan Dixon,Anesthesiology,(017)-886-8617
Donald Thompson,Dermatology,(887)-268-3678
Courtney Nelson,Diagnostic radiology,(682)-033-4910
Gail Steeves ,Emergency medicine,(874)-472-6949
Gabe Ford,Family medicine,(758)-663-5539
Willard Ward,Internal medicine,(140)-379-5969
Melanie Phillips,Medical genetics,(540)-465-0749
Lucille Nichols,Neurology,(566)-025-6008
Juanita Ford,Nuclear medicine,(978)-575-6969
Herman Henry,Obstetrics and gynecology,(046)-701-6203
Andrea Cunningham,Ophthalmology,(072)-776-6068
Sebastian Barnett,Pathology,(936)-089-3178
Todd Bennett,Pediatrics,(877)-227-4482
Bertha Watson,Physical medicine and rehabilitation,(585)-812-4528
Lena Harrison,Preventive medicine,(615)-651-9050
Kylie May,Psychiatry,(269)-632-7361
Alexis Romero,Radiation oncology,(159)-754-5730
Cindy Russell,Surgery,(000)-281-8227
Wyatt Terry,Urology,(761)-648-0426
Alex Banks,Allergy and immunology,(907)-178-5734
Jorge Welch,Anesthesiology,(739)-276-1387
Tammy Wheeler,Dermatology,(829)-660-8737
Javier Cox,Diagnostic radiology,(259)-512-5542
Charlie Smith,Emergency medicine,(116)-246-7032
Ethel Mcdonalid,Family medicine,(275)-605-3278
Russell Perkins,Internal medicine,(239)-717-1291
Priscilla Gregory,Medical genetics,(991)-812-7848
Owen Stewart,Neurology,(024)-643-2164
Nora Pearson,Nuclear medicine,(695)-012-9036
Arnold Daniels,Obstetrics and gynecology,(480)-215-1728
Arthur Dixon,Ophthalmology,(477)-668-1843
Jackie Austin,Pathology,(990)-075-9878
Jessica Rose,Pediatrics,(632)-932-0165
Chris Pearson,Physical medicine and rehabilitation,(621)-744-3892
June Fernandez,Preventive medicine,(845)-647-8677
Katrina Chambers,Psychiatry,(659)-011-9464
Hannah Jimenez,Radiation oncology,(680)-685-7568
Rick Hughes,Surgery,(689)-446-0464
Carla Jackson,Urology,(909)-616-8887
Colleen Lowe,Allergy and immunology,(621)-174-4674
Arianna Murphy,Anesthesiology,(770)-933-6938
Sally Obrien,Dermatology,(209)-563-6991
Ronnie Henry,Diagnostic radiology,(779)-750-0212
Shawn Simmons,Emergency medicine,(174)-876-7631
Avery Holland,Family medicine,(208)-043-4762
Jorge Barnes,Internal medicine,(141)-542-7765
Corey Byrd,Medical genetics,(933)-356-2078
Katherine Rhodes,Neurology,(662)-133-6173
Anthony Hunt,Nuclear medicine,(450)-496-4871
Charlene Patterson,Obstetrics and gynecology,(917)-694-4999
Bessie Frazier,Ophthalmology,(949)-915-1696
Francisco Larson,Pathology,(163)-655-7089
Jennifer Phillips,Pediatrics,(564)-440-0542
Alyssa Boyd,Physical medicine and rehabilitation,(633)-937-9771
Thomas Lopez,Preventive medicine,(339)-814-0669
Tracy Byrd,Psychiatry,(823)-191-7707
Bobbie Roberts,Radiation oncology,(435)-893-4065
Terry Anderson,Surgery,(309)-657-8367
Sylvia Matthews,Urology,(782)-228-3817
Charles Dunn,Allergy and immunology,(101)-029-6318
Dean Howell,Anesthesiology,(507)-885-7125
Mason Chavez,Dermatology,(563)-765-4104
Louis Gibson,Diagnostic radiology,(961)-473-1233
Ellen Prescott,Emergency medicine,(391)-655-4586
Harvey Walker,Family medicine,(342)-942-3864
Joann Byrd,Internal medicine,(647)-482-1038
Marion Stewart,Medical genetics,(072)-081-9804
Veronica Vasquez,Neurology,(681)-595-0508
Maxine Matthews,Nuclear medicine,(418)-711-5921
Leroy Ward,Obstetrics and gynecology,(958)-624-0698
Ronnie Mckinney,Ophthalmology,(476)-636-2363
Patsy Jennings,Pathology,(355)-835-7879
Kaylee Sutton,Pediatrics,(071)-381-0652
Melinda Cole,Physical medicine and rehabilitation,(568)-636-3231
Sergio Patterson,Preventive medicine,(500)-524-7788
Brayden Payne,Psychiatry,(888)-372-0800
Jeremy Carlson,Radiation oncology,(469)-637-0732
Virgil Henry,Surgery,(997)-172-3703
Karl Clark,Urology,(334)-509-4120
Rene Walker,Allergy and immunology,(611)-598-8827
Roberto Hart,Anesthesiology,(879)-601-8351
Barry Medina,Dermatology,(934)-535-0486
Sebastian Cook,Diagnostic radiology,(097)-098-4815
Loretta Olson,Emergency medicine,(259)-330-5799
Esther Morgan,Family medicine,(340)-038-1357
Christian Scott,Internal medicine,(512)-679-5939
Derek Ross,Medical genetics,(879)-871-9303
Edwin Fowler,Neurology,(552)-622-4374
Andrea Taylor,Nuclear medicine,(376)-269-3987
Jason Peterson,Obstetrics and gynecology,(209)-668-6440
Eric Hale,Ophthalmology,(167)-985-8855
Edith Hernandez,Pathology,(075)-132-5306
Elaine Marshall,Pediatrics,(222)-181-2609
Willie Graham,Physical medicine and rehabilitation,(383)-801-1459
Stephen Patterson,Preventive medicine,(040)-023-9150
Francis Martin,Psychiatry,(336)-195-0335
Dan Watkins,Radiation oncology,(445)-542-1455
Linda Clark,Surgery,(245)-635-8952
Martha Anderson,Urology,(289)-130-4202
Wilma Dunn,Allergy and immunology,(737)-685-9800
Bernard Berry,Anesthesiology,(206)-221-4315
Robert Ross,Dermatology,(469)-605-0726
Herminia Smith,Diagnostic radiology,(337)-385-9796
Deann Vargas,Emergency medicine,(394)-294-8242
Jorge Moreno,Family medicine,(522)-067-8025
Aiden Sanders,Internal medicine,(890)-745-0623
Alex Wade,Medical genetics,(218)-865-6032
Elizabeth Carter,Neurology,(470)-531-4895
Marlene Cunningham,Nuclear medicine,(119)-997-6733
Leo Jenkins,Obstetrics and gynecology,(348)-495-7359
Virgil Moreno,Ophthalmology,(202)-430-5230
Eddie Phillips,Pathology,(330)-522-8052
Nina Hunt,Pediatrics,(739)-357-9854
Rafael Cole,Physical medicine and rehabilitation,(561)-250-7487
Lance Hale,Preventive medicine,(836)-851-7565
Sofia Lane,Psychiatry,(201)-122-7026
Rosa Curtis,Radiation oncology,(534)-472-9560
Eric Fisher,Surgery,(599)-371-0242
Willie Cooper,Urology,(061)-836-2044
Olivia Stewart,Allergy and immunology,(336)-244-2312
Gwendolyn Peterson,Anesthesiology,(242)-156-0585
Gilbert Miles,Dermatology,(358)-427-1199
Daryl Ramirez,Diagnostic radiology,(790)-112-4715
William Clark,Emergency medicine,(461)-448-4069
Rick Fowler,Family medicine,(031)-594-3549
Fernando Griffin,Internal medicine,(274)-249-0951
Gabriel Lowe,Medical genetics,(021)-482-5999
Stacey Frazier,Neurology,(270)-436-2386
Camila Parker,Nuclear medicine,(965)-605-6107
Jeff Russell,Obstetrics and gynecology,(539)-960-7236
Clyde Stone,Ophthalmology,(399)-012-9035
Nellie Crawford,Pathology,(904)-683-1580
Ana Alvarez,Pediatrics,(295)-992-3752
Felix Henry,Physical medicine and rehabilitation,(968)-000-1438
Don Griffin,Preventive medicine,(034)-858-2739
Kenzi Perry,Psychiatry,(356)-620-9582
Miguel Kuhn,Radiation oncology,(868)-162-0425
Ida Perez,Surgery,(865)-385-9893
Savannah Meyer,Urology,(120)-991-7926
Layla Obrien,Allergy and immunology,(746)-831-2545
Annette Owens,Anesthesiology,(338)-900-7924
Allison Lambert,Dermatology,(000)-757-2857
Ritthy Chambers,Diagnostic radiology,(755)-412-4190
Bertha Dixon,Emergency medicine,(835)-727-3168
Roberto Armstrong,Family medicine,(389)-863-8339
Scott Barnett,Internal medicine,(050)-281-8620
Tristan Garcia,Medical genetics,(472)-950-7529
Floyd Peterson,Neurology,(848)-019-3385
Lydia Perez,Nuclear medicine,(669)-390-5197
Rick Fox,Obstetrics and gynecology,(693)-391-7996
Ruben Robertson,Ophthalmology,(674)-330-0228
Jeffrey Byrd,Pathology,(116)-733-8757
Jackie Harper,Pediatrics,(626)-054-9745
John Freeman,Physical medicine and rehabilitation,(463)-778-5275
Leslie Gregory,Preventive medicine,(700)-034-1535
Phillip Gray,Psychiatry,(985)-965-3340
Theodore Wilson,Radiation oncology,(780)-102-4467
Vicki Rivera,Surgery,(465)-421-9343
Angel Sullivan,Urology,(306)-132-6106
Phyllis Duncan,Allergy and immunology,(116)-954-3468
Edward King,Anesthesiology,(304)-143-7094
Levi Gardner,Dermatology,(270)-021-3668
Misty James,Diagnostic radiology,(319)-150-1756
Patrick Holland,Emergency medicine,(303)-438-1352
Kenzi Bennett,Family medicine,(997)-215-5901
Ann Gibson,Internal medicine,(735)-676-4703
Jean Walker,Medical genetics,(942)-029-6624
Jack Stanley,Neurology,(986)-934-8953
Alan Fuller,Nuclear medicine,(867)-322-7313
Peter Castillo,Obstetrics and gynecology,(107)-209-2594
Katrina Fox,Ophthalmology,(015)-386-1227
Irene Gomez,Pathology,(538)-246-5955
Alexa Holt,Pediatrics,(027)-823-7558
Jonathan Berry,Physical medicine and rehabilitation,(970)-161-4634
Patrick Ray,Preventive medicine,(389)-207-5307
Bruce Garza,Psychiatry,(737)-587-1570
Julia Warren,Radiation oncology,(479)-305-5255
Juanita Barrett,Surgery,(371)-230-1576
Sylvia Byrd,Urology,(549)-625-9646
Marlene Prescott,Allergy and immunology,(440)-016-1526
Stacey Reynolds,Anesthesiology,(853)-541-9648
Juan Ortiz,Dermatology,(875)-956-6422
Danny Peters,Diagnostic radiology,(065)-712-2656
Elmer Dixon,Emergency medicine,(405)-604-1032
Kenneth Carr,Family medicine,(466)-256-4869
Priscilla Walker,Internal medicine,(550)-026-3420
Marlene Dean,Medical genetics,(748)-324-3164
Melissa Price,Neurology,(796)-368-4354
Howard Barrett,Nuclear medicine,(565)-113-3184
Ramona Perkins,Obstetrics and gynecology,(847)-781-4451
Charlotte Hughes,Ophthalmology,(641)-753-9689
Vernon Harris,Pathology,(388)-470-9967
Wallace Dunn,Pediatrics,(425)-037-1789
Lauren Evans,Physical medicine and rehabilitation,(392)-105-9172
Bradley Nguyen,Preventive medicine,(841)-421-1504
Eileen Burton,Psychiatry,(888)-356-6444
Ricky Lucas,Radiation oncology,(201)-359-7973
Marjorie Fernandez,Surgery,(677)-060-9173
Ernest Williams,Urology,(569)-217-2191
